"Program","Year","Period","Week Ending","Geo Level","State","State ANSI","Ag District","Ag District Code","County","County ANSI","Zip Code","Region","watershed_code","Watershed","Commodity","Data Item","Domain","Domain Category","Value","CV (%)"
"SURVEY","2022","YEAR","","STATE","NORTH DAKOTA","38","","","","","","","00000000","","WHEAT","WHEAT - YIELD, MEASURED IN BU / ACRE","TOTAL","NOT SPECIFIED","48.9",""
"SURVEY","2021","YEAR","","STATE","NORTH DAKOTA","38","","","","","","","00000000","","WHEAT","WHEAT - YIELD, MEASURED IN BU / ACRE","TOTAL","NOT SPECIFIED","32.2",""
"SURVEY","2020","YEAR","","STATE","NORTH DAKOTA","38","","","","","","","00000000","","WHEAT","WHEAT - YIELD, MEASURED IN BU / ACRE","TOTAL","NOT SPECIFIED","47.6",""
"SURVEY","2019","YEAR","","STATE","NORTH DAKOTA","38","","","","","","","00000000","","WHEAT","WHEAT - YIELD, MEASURED IN BU / ACRE","TOTAL","NOT SPECIFIED","48.4",""
"SURVEY","2018","YEAR","","STATE","NORTH DAKOTA","38","","","","","","","00000000","","WHEAT","WHEAT - YIELD, MEASURED IN BU / ACRE","TOTAL","NOT SPECIFIED","47.6",""
"SURVEY","2017","YEAR","","STATE","NORTH DAKOTA","38","","","","","","","00000000","","WHEAT","WHEAT - YIELD, MEASURED IN BU / ACRE","TOTAL","NOT SPECIFIED","37.9",""
"SURVEY","2016","YEAR","","STATE","NORTH DAKOTA","38","","","","","","","00000000","","WHEAT","WHEAT - YIELD, MEASURED IN BU / ACRE","TOTAL","NOT SPECIFIED","45",""
"SURVEY","2015","YEAR","","STATE","NORTH DAKOTA","38","","","","","","","00000000","","WHEAT","WHEAT - YIELD, MEASURED IN BU / ACRE","TOTAL","NOT SPECIFIED","46.7",""
"SURVEY","2015","YEAR - AUG FORECAST","","STATE","NORTH DAKOTA","38","","","","","","","00000000","","WHEAT","WHEAT - YIELD, MEASURED IN BU / ACRE","TOTAL","NOT SPECIFIED","46.4",""
"SURVEY","2015","YEAR - JUL FORECAST","","STATE","NORTH DAKOTA","38","","","","","","","00000000","","WHEAT","WHEAT - YIELD, MEASURED IN BU / ACRE","TOTAL","NOT SPECIFIED","46.4",""
"SURVEY","2014","YEAR","","STATE","NORTH DAKOTA","38","","","","","","","00000000","","WHEAT","WHEAT - YIELD, MEASURED IN BU / ACRE","TOTAL","NOT SPECIFIED","46.3",""
"SURVEY","2013","YEAR","","STATE","NORTH DAKOTA","38","","","","","","","00000000","","WHEAT","WHEAT - YIELD, MEASURED IN BU / ACRE","TOTAL","NOT SPECIFIED","45.4",""
"SURVEY","2012","YEAR","","STATE","NORTH DAKOTA","38","","","","","","","00000000","","WHEAT","WHEAT - YIELD, MEASURED IN BU / ACRE","TOTAL","NOT SPECIFIED","43.8",""
"SURVEY","2011","YEAR","","STATE","NORTH DAKOTA","38","","","","","","","00000000","","WHEAT","WHEAT - YIELD, MEASURED IN BU / ACRE","TOTAL","NOT SPECIFIED","30.3",""
"SURVEY","2010","YEAR","","STATE","NORTH DAKOTA","38","","","","","","","00000000","","WHEAT","WHEAT - YIELD, MEASURED IN BU / ACRE","TOTAL","NOT SPECIFIED","43",""
"SURVEY","2009","YEAR","","STATE","NORTH DAKOTA","38","","","","","","","00000000","","WHEAT","WHEAT - YIELD, MEASURED IN BU / ACRE","TOTAL","NOT SPECIFIED","44.8",""
"SURVEY","2008","YEAR","","STATE","NORTH DAKOTA","38","","","","","","","00000000","","WHEAT","WHEAT - YIELD, MEASURED IN BU / ACRE","TOTAL","NOT SPECIFIED","35.8",""
"SURVEY","2007","YEAR","","STATE","NORTH DAKOTA","38","","","","","","","00000000","","WHEAT","WHEAT - YIELD, MEASURED IN BU / ACRE","TOTAL","NOT SPECIFIED","35.6",""
"SURVEY","2006","YEAR","","STATE","NORTH DAKOTA","38","","","","","","","00000000","","WHEAT","WHEAT - YIELD, MEASURED IN BU / ACRE","TOTAL","NOT SPECIFIED","30.3",""
"SURVEY","2005","YEAR","","STATE","NORTH DAKOTA","38","","","","","","","00000000","","WHEAT","WHEAT - YIELD, MEASURED IN BU / ACRE","TOTAL","NOT SPECIFIED","34.3",""
"SURVEY","2004","YEAR","","STATE","NORTH DAKOTA","38","","","","","","","00000000","","WHEAT","WHEAT - YIELD, MEASURED IN BU / ACRE","TOTAL","NOT SPECIFIED","39.4",""
"SURVEY","2003","YEAR","","STATE","NORTH DAKOTA","38","","","","","","","00000000","","WHEAT","WHEAT - YIELD, MEASURED IN BU / ACRE","TOTAL","NOT SPECIFIED","37.3",""
"SURVEY","2002","YEAR","","STATE","NORTH DAKOTA","38","","","","","","","00000000","","WHEAT","WHEAT - YIELD, MEASURED IN BU / ACRE","TOTAL","NOT SPECIFIED","27.3",""
"SURVEY","2001","YEAR","","STATE","NORTH DAKOTA","38","","","","","","","00000000","","WHEAT","WHEAT - YIELD, MEASURED IN BU / ACRE","TOTAL","NOT SPECIFIED","32.2",""
"SURVEY","2000","YEAR","","STATE","NORTH DAKOTA","38","","","","","","","00000000","","WHEAT","WHEAT - YIELD, MEASURED IN BU / ACRE","TOTAL","NOT SPECIFIED","33.7",""
"SURVEY","1999","YEAR","","STATE","NORTH DAKOTA","38","","","","","","","00000000","","WHEAT","WHEAT - YIELD, MEASURED IN BU / ACRE","TOTAL","NOT SPECIFIED","28",""
"SURVEY","1999","YEAR - AUG FORECAST","","STATE","NORTH DAKOTA","38","","","","","","","00000000","","WHEAT","WHEAT - YIELD, MEASURED IN BU / ACRE","TOTAL","NOT SPECIFIED","28.6",""
"SURVEY","1999","YEAR - JUL FORECAST","","STATE","NORTH DAKOTA","38","","","","","","","00000000","","WHEAT","WHEAT - YIELD, MEASURED IN BU / ACRE","TOTAL","NOT SPECIFIED","30.6",""
"SURVEY","1999","YEAR - SEP FORECAST","","STATE","NORTH DAKOTA","38","","","","","","","00000000","","WHEAT","WHEAT - YIELD, MEASURED IN BU / ACRE","TOTAL","NOT SPECIFIED","28.2",""
"SURVEY","1998","YEAR","","STATE","NORTH DAKOTA","38","","","","","","","00000000","","WHEAT","WHEAT - YIELD, MEASURED IN BU / ACRE","TOTAL","NOT SPECIFIED","32",""
"SURVEY","1998","YEAR - AUG FORECAST","","STATE","NORTH DAKOTA","38","","","","","","","00000000","","WHEAT","WHEAT - YIELD, MEASURED IN BU / ACRE","TOTAL","NOT SPECIFIED","30.4",""
"SURVEY","1998","YEAR - JUL FORECAST","","STATE","NORTH DAKOTA","38","","","","","","","00000000","","WHEAT","WHEAT - YIELD, MEASURED IN BU / ACRE","TOTAL","NOT SPECIFIED","30.4",""
"SURVEY","1998","YEAR - SEP FORECAST","","STATE","NORTH DAKOTA","38","","","","","","","00000000","","WHEAT","WHEAT - YIELD, MEASURED IN BU / ACRE","TOTAL","NOT SPECIFIED","31.7",""
"SURVEY","1997","YEAR","","STATE","NORTH DAKOTA","38","","","","","","","00000000","","WHEAT","WHEAT - YIELD, MEASURED IN BU / ACRE","TOTAL","NOT SPECIFIED","24.3",""
"SURVEY","1997","YEAR - AUG FORECAST","","STATE","NORTH DAKOTA","38","","","","","","","00000000","","WHEAT","WHEAT - YIELD, MEASURED IN BU / ACRE","TOTAL","NOT SPECIFIED","26",""
"SURVEY","1997","YEAR - JUL FORECAST","","STATE","NORTH DAKOTA","38","","","","","","","00000000","","WHEAT","WHEAT - YIELD, MEASURED IN BU / ACRE","TOTAL","NOT SPECIFIED","23.8",""
"SURVEY","1997","YEAR - SEP FORECAST","","STATE","NORTH DAKOTA","38","","","","","","","00000000","","WHEAT","WHEAT - YIELD, MEASURED IN BU / ACRE","TOTAL","NOT SPECIFIED","24.5",""
"SURVEY","1996","YEAR","","STATE","NORTH DAKOTA","38","","","","","","","00000000","","WHEAT","WHEAT - YIELD, MEASURED IN BU / ACRE","TOTAL","NOT SPECIFIED","31.6",""
"SURVEY","1996","YEAR - AUG FORECAST","","STATE","NORTH DAKOTA","38","","","","","","","00000000","","WHEAT","WHEAT - YIELD, MEASURED IN BU / ACRE","TOTAL","NOT SPECIFIED","29.8",""
"SURVEY","1996","YEAR - JUL FORECAST","","STATE","NORTH DAKOTA","38","","","","","","","00000000","","WHEAT","WHEAT - YIELD, MEASURED IN BU / ACRE","TOTAL","NOT SPECIFIED","30",""
"SURVEY","1996","YEAR - SEP FORECAST","","STATE","NORTH DAKOTA","38","","","","","","","00000000","","WHEAT","WHEAT - YIELD, MEASURED IN BU / ACRE","TOTAL","NOT SPECIFIED","31.6",""
"SURVEY","1995","YEAR","","STATE","NORTH DAKOTA","38","","","","","","","00000000","","WHEAT","WHEAT - YIELD, MEASURED IN BU / ACRE","TOTAL","NOT SPECIFIED","27",""
"SURVEY","1995","YEAR - AUG FORECAST","","STATE","NORTH DAKOTA","38","","","","","","","00000000","","WHEAT","WHEAT - YIELD, MEASURED IN BU / ACRE","TOTAL","NOT SPECIFIED","32",""
"SURVEY","1995","YEAR - JUL FORECAST","","STATE","NORTH DAKOTA","38","","","","","","","00000000","","WHEAT","WHEAT - YIELD, MEASURED IN BU / ACRE","TOTAL","NOT SPECIFIED","31.3",""
"SURVEY","1995","YEAR - SEP FORECAST","","STATE","NORTH DAKOTA","38","","","","","","","00000000","","WHEAT","WHEAT - YIELD, MEASURED IN BU / ACRE","TOTAL","NOT SPECIFIED","32",""
"SURVEY","1994","YEAR","","STATE","NORTH DAKOTA","38","","","","","","","00000000","","WHEAT","WHEAT - YIELD, MEASURED IN BU / ACRE","TOTAL","NOT SPECIFIED","31.7",""
"SURVEY","1994","YEAR - AUG FORECAST","","STATE","NORTH DAKOTA","38","","","","","","","00000000","","WHEAT","WHEAT - YIELD, MEASURED IN BU / ACRE","TOTAL","NOT SPECIFIED","34",""
"SURVEY","1994","YEAR - JUL FORECAST","","STATE","NORTH DAKOTA","38","","","","","","","00000000","","WHEAT","WHEAT - YIELD, MEASURED IN BU / ACRE","TOTAL","NOT SPECIFIED","34.2",""
"SURVEY","1994","YEAR - SEP FORECAST","","STATE","NORTH DAKOTA","38","","","","","","","00000000","","WHEAT","WHEAT - YIELD, MEASURED IN BU / ACRE","TOTAL","NOT SPECIFIED","33.2",""
"SURVEY","1993","YEAR","","STATE","NORTH DAKOTA","38","","","","","","","00000000","","WHEAT","WHEAT - YIELD, MEASURED IN BU / ACRE","TOTAL","NOT SPECIFIED","31",""
"SURVEY","1993","YEAR - AUG FORECAST","","STATE","NORTH DAKOTA","38","","","","","","","00000000","","WHEAT","WHEAT - YIELD, MEASURED IN BU / ACRE","TOTAL","NOT SPECIFIED","37.7",""
"SURVEY","1993","YEAR - JUL FORECAST","","STATE","NORTH DAKOTA","38","","","","","","","00000000","","WHEAT","WHEAT - YIELD, MEASURED IN BU / ACRE","TOTAL","NOT SPECIFIED","37.7",""
"SURVEY","1993","YEAR - SEP FORECAST","","STATE","NORTH DAKOTA","38","","","","","","","00000000","","WHEAT","WHEAT - YIELD, MEASURED IN BU / ACRE","TOTAL","NOT SPECIFIED","34.9",""
"SURVEY","1992","YEAR","","STATE","NORTH DAKOTA","38","","","","","","","00000000","","WHEAT","WHEAT - YIELD, MEASURED IN BU / ACRE","TOTAL","NOT SPECIFIED","41.1",""
"SURVEY","1992","YEAR - AUG FORECAST","","STATE","NORTH DAKOTA","38","","","","","","","00000000","","WHEAT","WHEAT - YIELD, MEASURED IN BU / ACRE","TOTAL","NOT SPECIFIED","34.2",""
"SURVEY","1992","YEAR - JUL FORECAST","","STATE","NORTH DAKOTA","38","","","","","","","00000000","","WHEAT","WHEAT - YIELD, MEASURED IN BU / ACRE","TOTAL","NOT SPECIFIED","30.4",""
"SURVEY","1992","YEAR - SEP FORECAST","","STATE","NORTH DAKOTA","38","","","","","","","00000000","","WHEAT","WHEAT - YIELD, MEASURED IN BU / ACRE","TOTAL","NOT SPECIFIED","37.9",""
"SURVEY","1991","YEAR","","STATE","NORTH DAKOTA","38","","","","","","","00000000","","WHEAT","WHEAT - YIELD, MEASURED IN BU / ACRE","TOTAL","NOT SPECIFIED","31",""
"SURVEY","1991","YEAR - AUG FORECAST","","STATE","NORTH DAKOTA","38","","","","","","","00000000","","WHEAT","WHEAT - YIELD, MEASURED IN BU / ACRE","TOTAL","NOT SPECIFIED","33.7",""
"SURVEY","1991","YEAR - JUL FORECAST","","STATE","NORTH DAKOTA","38","","","","","","","00000000","","WHEAT","WHEAT - YIELD, MEASURED IN BU / ACRE","TOTAL","NOT SPECIFIED","33.7",""
"SURVEY","1991","YEAR - SEP FORECAST","","STATE","NORTH DAKOTA","38","","","","","","","00000000","","WHEAT","WHEAT - YIELD, MEASURED IN BU / ACRE","TOTAL","NOT SPECIFIED","32.3",""
"SURVEY","1990","YEAR","","STATE","NORTH DAKOTA","38","","","","","","","00000000","","WHEAT","WHEAT - YIELD, MEASURED IN BU / ACRE","TOTAL","NOT SPECIFIED","35.3",""
"SURVEY","1990","YEAR - AUG FORECAST","","STATE","NORTH DAKOTA","38","","","","","","","00000000","","WHEAT","WHEAT - YIELD, MEASURED IN BU / ACRE","TOTAL","NOT SPECIFIED","31.4",""
"SURVEY","1990","YEAR - JUL FORECAST","","STATE","NORTH DAKOTA","38","","","","","","","00000000","","WHEAT","WHEAT - YIELD, MEASURED IN BU / ACRE","TOTAL","NOT SPECIFIED","32",""
"SURVEY","1990","YEAR - SEP FORECAST","","STATE","NORTH DAKOTA","38","","","","","","","00000000","","WHEAT","WHEAT - YIELD, MEASURED IN BU / ACRE","TOTAL","NOT SPECIFIED","34.6",""
"SURVEY","1989","YEAR","","STATE","NORTH DAKOTA","38","","","","","","","00000000","","WHEAT","WHEAT - YIELD, MEASURED IN BU / ACRE","TOTAL","NOT SPECIFIED","23.5",""
"SURVEY","1989","YEAR - AUG FORECAST","","STATE","NORTH DAKOTA","38","","","","","","","00000000","","WHEAT","WHEAT - YIELD, MEASURED IN BU / ACRE","TOTAL","NOT SPECIFIED","22",""
"SURVEY","1989","YEAR - JUL FORECAST","","STATE","NORTH DAKOTA","38","","","","","","","00000000","","WHEAT","WHEAT - YIELD, MEASURED IN BU / ACRE","TOTAL","NOT SPECIFIED","27.3",""
"SURVEY","1989","YEAR - SEP FORECAST","","STATE","NORTH DAKOTA","38","","","","","","","00000000","","WHEAT","WHEAT - YIELD, MEASURED IN BU / ACRE","TOTAL","NOT SPECIFIED","23.8",""
"SURVEY","1988","YEAR","","STATE","NORTH DAKOTA","38","","","","","","","00000000","","WHEAT","WHEAT - YIELD, MEASURED IN BU / ACRE","TOTAL","NOT SPECIFIED","14.3",""
"SURVEY","1988","YEAR - AUG FORECAST","","STATE","NORTH DAKOTA","38","","","","","","","00000000","","WHEAT","WHEAT - YIELD, MEASURED IN BU / ACRE","TOTAL","NOT SPECIFIED","16.7",""
"SURVEY","1988","YEAR - SEP FORECAST","","STATE","NORTH DAKOTA","38","","","","","","","00000000","","WHEAT","WHEAT - YIELD, MEASURED IN BU / ACRE","TOTAL","NOT SPECIFIED","15.3",""
"SURVEY","1987","YEAR","","STATE","NORTH DAKOTA","38","","","","","","","00000000","","WHEAT","WHEAT - YIELD, MEASURED IN BU / ACRE","TOTAL","NOT SPECIFIED","29.5",""
"SURVEY","1987","YEAR - AUG FORECAST","","STATE","NORTH DAKOTA","38","","","","","","","00000000","","WHEAT","WHEAT - YIELD, MEASURED IN BU / ACRE","TOTAL","NOT SPECIFIED","31.8",""
"SURVEY","1987","YEAR - SEP FORECAST","","STATE","NORTH DAKOTA","38","","","","","","","00000000","","WHEAT","WHEAT - YIELD, MEASURED IN BU / ACRE","TOTAL","NOT SPECIFIED","30.5",""
"SURVEY","1986","YEAR","","STATE","NORTH DAKOTA","38","","","","","","","00000000","","WHEAT","WHEAT - YIELD, MEASURED IN BU / ACRE","TOTAL","NOT SPECIFIED","31.2",""
"SURVEY","1986","YEAR - AUG FORECAST","","STATE","NORTH DAKOTA","38","","","","","","","00000000","","WHEAT","WHEAT - YIELD, MEASURED IN BU / ACRE","TOTAL","NOT SPECIFIED","35",""
"SURVEY","1986","YEAR - SEP FORECAST","","STATE","NORTH DAKOTA","38","","","","","","","00000000","","WHEAT","WHEAT - YIELD, MEASURED IN BU / ACRE","TOTAL","NOT SPECIFIED","32.4",""
"SURVEY","1985","YEAR","","STATE","NORTH DAKOTA","38","","","","","","","00000000","","WHEAT","WHEAT - YIELD, MEASURED IN BU / ACRE","TOTAL","NOT SPECIFIED","36.4",""
"SURVEY","1985","YEAR - AUG FORECAST","","STATE","NORTH DAKOTA","38","","","","","","","00000000","","WHEAT","WHEAT - YIELD, MEASURED IN BU / ACRE","TOTAL","NOT SPECIFIED","31.7",""
"SURVEY","1985","YEAR - SEP FORECAST","","STATE","NORTH DAKOTA","38","","","","","","","00000000","","WHEAT","WHEAT - YIELD, MEASURED IN BU / ACRE","TOTAL","NOT SPECIFIED","33.3",""
"SURVEY","1984","YEAR","","STATE","NORTH DAKOTA","38","","","","","","","00000000","","WHEAT","WHEAT - YIELD, MEASURED IN BU / ACRE","TOTAL","NOT SPECIFIED","32.8",""
"SURVEY","1984","YEAR - AUG FORECAST","","STATE","NORTH DAKOTA","38","","","","","","","00000000","","WHEAT","WHEAT - YIELD, MEASURED IN BU / ACRE","TOTAL","NOT SPECIFIED","28.6",""
"SURVEY","1984","YEAR - SEP FORECAST","","STATE","NORTH DAKOTA","38","","","","","","","00000000","","WHEAT","WHEAT - YIELD, MEASURED IN BU / ACRE","TOTAL","NOT SPECIFIED","32.7",""
"SURVEY","1983","YEAR","","STATE","NORTH DAKOTA","38","","","","","","","00000000","","WHEAT","WHEAT - YIELD, MEASURED IN BU / ACRE","TOTAL","NOT SPECIFIED","26.9",""
"SURVEY","1983","YEAR - AUG FORECAST","","STATE","NORTH DAKOTA","38","","","","","","","00000000","","WHEAT","WHEAT - YIELD, MEASURED IN BU / ACRE","TOTAL","NOT SPECIFIED","30.4",""
"SURVEY","1983","YEAR - SEP FORECAST","","STATE","NORTH DAKOTA","38","","","","","","","00000000","","WHEAT","WHEAT - YIELD, MEASURED IN BU / ACRE","TOTAL","NOT SPECIFIED","27.1",""
"SURVEY","1982","YEAR","","STATE","NORTH DAKOTA","38","","","","","","","00000000","","WHEAT","WHEAT - YIELD, MEASURED IN BU / ACRE","TOTAL","NOT SPECIFIED","31.5",""
"SURVEY","1982","YEAR - AUG FORECAST","","STATE","NORTH DAKOTA","38","","","","","","","00000000","","WHEAT","WHEAT - YIELD, MEASURED IN BU / ACRE","TOTAL","NOT SPECIFIED","29.6",""
"SURVEY","1982","YEAR - SEP FORECAST","","STATE","NORTH DAKOTA","38","","","","","","","00000000","","WHEAT","WHEAT - YIELD, MEASURED IN BU / ACRE","TOTAL","NOT SPECIFIED","31.9",""
"SURVEY","1981","YEAR","","STATE","NORTH DAKOTA","38","","","","","","","00000000","","WHEAT","WHEAT - YIELD, MEASURED IN BU / ACRE","TOTAL","NOT SPECIFIED","28.4",""
"SURVEY","1981","YEAR - AUG FORECAST","","STATE","NORTH DAKOTA","38","","","","","","","00000000","","WHEAT","WHEAT - YIELD, MEASURED IN BU / ACRE","TOTAL","NOT SPECIFIED","28.8",""
"SURVEY","1981","YEAR - JUL FORECAST","","STATE","NORTH DAKOTA","38","","","","","","","00000000","","WHEAT","WHEAT - YIELD, MEASURED IN BU / ACRE","TOTAL","NOT SPECIFIED","31",""
"SURVEY","1981","YEAR - SEP FORECAST","","STATE","NORTH DAKOTA","38","","","","","","","00000000","","WHEAT","WHEAT - YIELD, MEASURED IN BU / ACRE","TOTAL","NOT SPECIFIED","28.8",""
"SURVEY","1980","YEAR","","STATE","NORTH DAKOTA","38","","","","","","","00000000","","WHEAT","WHEAT - YIELD, MEASURED IN BU / ACRE","TOTAL","NOT SPECIFIED","18.7",""
"SURVEY","1980","YEAR - AUG FORECAST","","STATE","NORTH DAKOTA","38","","","","","","","00000000","","WHEAT","WHEAT - YIELD, MEASURED IN BU / ACRE","TOTAL","NOT SPECIFIED","18.6",""
"SURVEY","1980","YEAR - JUL FORECAST","","STATE","NORTH DAKOTA","38","","","","","","","00000000","","WHEAT","WHEAT - YIELD, MEASURED IN BU / ACRE","TOTAL","NOT SPECIFIED","17.4",""
"SURVEY","1980","YEAR - SEP FORECAST","","STATE","NORTH DAKOTA","38","","","","","","","00000000","","WHEAT","WHEAT - YIELD, MEASURED IN BU / ACRE","TOTAL","NOT SPECIFIED","18.6",""
"SURVEY","1979","YEAR","","STATE","NORTH DAKOTA","38","","","","","","","00000000","","WHEAT","WHEAT - YIELD, MEASURED IN BU / ACRE","TOTAL","NOT SPECIFIED","26.3",""
"SURVEY","1979","YEAR - AUG FORECAST","","STATE","NORTH DAKOTA","38","","","","","","","00000000","","WHEAT","WHEAT - YIELD, MEASURED IN BU / ACRE","TOTAL","NOT SPECIFIED","27",""
"SURVEY","1979","YEAR - JUL FORECAST","","STATE","NORTH DAKOTA","38","","","","","","","00000000","","WHEAT","WHEAT - YIELD, MEASURED IN BU / ACRE","TOTAL","NOT SPECIFIED","27.3",""
"SURVEY","1979","YEAR - SEP FORECAST","","STATE","NORTH DAKOTA","38","","","","","","","00000000","","WHEAT","WHEAT - YIELD, MEASURED IN BU / ACRE","TOTAL","NOT SPECIFIED","27",""
"SURVEY","1978","YEAR","","STATE","NORTH DAKOTA","38","","","","","","","00000000","","WHEAT","WHEAT - YIELD, MEASURED IN BU / ACRE","TOTAL","NOT SPECIFIED","29.8",""
"SURVEY","1978","YEAR - AUG FORECAST","","STATE","NORTH DAKOTA","38","","","","","","","00000000","","WHEAT","WHEAT - YIELD, MEASURED IN BU / ACRE","TOTAL","NOT SPECIFIED","31.3",""
"SURVEY","1978","YEAR - JUL FORECAST","","STATE","NORTH DAKOTA","38","","","","","","","00000000","","WHEAT","WHEAT - YIELD, MEASURED IN BU / ACRE","TOTAL","NOT SPECIFIED","28",""
"SURVEY","1978","YEAR - SEP FORECAST","","STATE","NORTH DAKOTA","38","","","","","","","00000000","","WHEAT","WHEAT - YIELD, MEASURED IN BU / ACRE","TOTAL","NOT SPECIFIED","30",""
"SURVEY","1977","YEAR","","STATE","NORTH DAKOTA","38","","","","","","","00000000","","WHEAT","WHEAT - YIELD, MEASURED IN BU / ACRE","TOTAL","NOT SPECIFIED","24.8",""
"SURVEY","1977","YEAR - AUG FORECAST","","STATE","NORTH DAKOTA","38","","","","","","","00000000","","WHEAT","WHEAT - YIELD, MEASURED IN BU / ACRE","TOTAL","NOT SPECIFIED","24.9",""
"SURVEY","1977","YEAR - JUL FORECAST","","STATE","NORTH DAKOTA","38","","","","","","","00000000","","WHEAT","WHEAT - YIELD, MEASURED IN BU / ACRE","TOTAL","NOT SPECIFIED","26.2",""
"SURVEY","1977","YEAR - SEP FORECAST","","STATE","NORTH DAKOTA","38","","","","","","","00000000","","WHEAT","WHEAT - YIELD, MEASURED IN BU / ACRE","TOTAL","NOT SPECIFIED","24",""
"SURVEY","1976","YEAR","","STATE","NORTH DAKOTA","38","","","","","","","00000000","","WHEAT","WHEAT - YIELD, MEASURED IN BU / ACRE","TOTAL","NOT SPECIFIED","24.7",""
"SURVEY","1976","YEAR - AUG FORECAST","","STATE","NORTH DAKOTA","38","","","","","","","00000000","","WHEAT","WHEAT - YIELD, MEASURED IN BU / ACRE","TOTAL","NOT SPECIFIED","23.7",""
"SURVEY","1976","YEAR - JUL FORECAST","","STATE","NORTH DAKOTA","38","","","","","","","00000000","","WHEAT","WHEAT - YIELD, MEASURED IN BU / ACRE","TOTAL","NOT SPECIFIED","23.3",""
"SURVEY","1976","YEAR - SEP FORECAST","","STATE","NORTH DAKOTA","38","","","","","","","00000000","","WHEAT","WHEAT - YIELD, MEASURED IN BU / ACRE","TOTAL","NOT SPECIFIED","26",""
"SURVEY","1975","YEAR","","STATE","NORTH DAKOTA","38","","","","","","","00000000","","WHEAT","WHEAT - YIELD, MEASURED IN BU / ACRE","TOTAL","NOT SPECIFIED","25.9",""
"SURVEY","1975","YEAR - AUG FORECAST","","STATE","NORTH DAKOTA","38","","","","","","","00000000","","WHEAT","WHEAT - YIELD, MEASURED IN BU / ACRE","TOTAL","NOT SPECIFIED","28",""
"SURVEY","1975","YEAR - JUL FORECAST","","STATE","NORTH DAKOTA","38","","","","","","","00000000","","WHEAT","WHEAT - YIELD, MEASURED IN BU / ACRE","TOTAL","NOT SPECIFIED","30",""
"SURVEY","1975","YEAR - SEP FORECAST","","STATE","NORTH DAKOTA","38","","","","","","","00000000","","WHEAT","WHEAT - YIELD, MEASURED IN BU / ACRE","TOTAL","NOT SPECIFIED","27",""
"SURVEY","1974","YEAR","","STATE","NORTH DAKOTA","38","","","","","","","00000000","","WHEAT","WHEAT - YIELD, MEASURED IN BU / ACRE","TOTAL","NOT SPECIFIED","20.4",""
"SURVEY","1974","YEAR - AUG FORECAST","","STATE","NORTH DAKOTA","38","","","","","","","00000000","","WHEAT","WHEAT - YIELD, MEASURED IN BU / ACRE","TOTAL","NOT SPECIFIED","24.4",""
"SURVEY","1974","YEAR - JUL FORECAST","","STATE","NORTH DAKOTA","38","","","","","","","00000000","","WHEAT","WHEAT - YIELD, MEASURED IN BU / ACRE","TOTAL","NOT SPECIFIED","29",""
"SURVEY","1974","YEAR - SEP FORECAST","","STATE","NORTH DAKOTA","38","","","","","","","00000000","","WHEAT","WHEAT - YIELD, MEASURED IN BU / ACRE","TOTAL","NOT SPECIFIED","21.4",""
"SURVEY","1973","YEAR","","STATE","NORTH DAKOTA","38","","","","","","","00000000","","WHEAT","WHEAT - YIELD, MEASURED IN BU / ACRE","TOTAL","NOT SPECIFIED","27.5",""
"SURVEY","1973","YEAR - AUG FORECAST","","STATE","NORTH DAKOTA","38","","","","","","","00000000","","WHEAT","WHEAT - YIELD, MEASURED IN BU / ACRE","TOTAL","NOT SPECIFIED","27.4",""
"SURVEY","1973","YEAR - JUL FORECAST","","STATE","NORTH DAKOTA","38","","","","","","","00000000","","WHEAT","WHEAT - YIELD, MEASURED IN BU / ACRE","TOTAL","NOT SPECIFIED","27.9",""
"SURVEY","1973","YEAR - SEP FORECAST","","STATE","NORTH DAKOTA","38","","","","","","","00000000","","WHEAT","WHEAT - YIELD, MEASURED IN BU / ACRE","TOTAL","NOT SPECIFIED","28.4",""
"SURVEY","1972","YEAR","","STATE","NORTH DAKOTA","38","","","","","","","00000000","","WHEAT","WHEAT - YIELD, MEASURED IN BU / ACRE","TOTAL","NOT SPECIFIED","28.9",""
"SURVEY","1972","YEAR - AUG FORECAST","","STATE","NORTH DAKOTA","38","","","","","","","00000000","","WHEAT","WHEAT - YIELD, MEASURED IN BU / ACRE","TOTAL","NOT SPECIFIED","27.7",""
"SURVEY","1972","YEAR - JUL FORECAST","","STATE","NORTH DAKOTA","38","","","","","","","00000000","","WHEAT","WHEAT - YIELD, MEASURED IN BU / ACRE","TOTAL","NOT SPECIFIED","28.9",""
"SURVEY","1972","YEAR - SEP FORECAST","","STATE","NORTH DAKOTA","38","","","","","","","00000000","","WHEAT","WHEAT - YIELD, MEASURED IN BU / ACRE","TOTAL","NOT SPECIFIED","29.3",""
"SURVEY","1971","YEAR","","STATE","NORTH DAKOTA","38","","","","","","","00000000","","WHEAT","WHEAT - YIELD, MEASURED IN BU / ACRE","TOTAL","NOT SPECIFIED","31.8",""
"SURVEY","1971","YEAR - AUG FORECAST","","STATE","NORTH DAKOTA","38","","","","","","","00000000","","WHEAT","WHEAT - YIELD, MEASURED IN BU / ACRE","TOTAL","NOT SPECIFIED","30.8",""
"SURVEY","1971","YEAR - JUL FORECAST","","STATE","NORTH DAKOTA","38","","","","","","","00000000","","WHEAT","WHEAT - YIELD, MEASURED IN BU / ACRE","TOTAL","NOT SPECIFIED","29.3",""
"SURVEY","1971","YEAR - SEP FORECAST","","STATE","NORTH DAKOTA","38","","","","","","","00000000","","WHEAT","WHEAT - YIELD, MEASURED IN BU / ACRE","TOTAL","NOT SPECIFIED","31.5",""
"SURVEY","1970","YEAR","","STATE","NORTH DAKOTA","38","","","","","","","00000000","","WHEAT","WHEAT - YIELD, MEASURED IN BU / ACRE","TOTAL","NOT SPECIFIED","23.6",""
"SURVEY","1969","YEAR","","STATE","NORTH DAKOTA","38","","","","","","","00000000","","WHEAT","WHEAT - YIELD, MEASURED IN BU / ACRE","TOTAL","NOT SPECIFIED","29.8",""
"SURVEY","1968","YEAR","","STATE","NORTH DAKOTA","38","","","","","","","00000000","","WHEAT","WHEAT - YIELD, MEASURED IN BU / ACRE","TOTAL","NOT SPECIFIED","26.8",""
"SURVEY","1967","YEAR","","STATE","NORTH DAKOTA","38","","","","","","","00000000","","WHEAT","WHEAT - YIELD, MEASURED IN BU / ACRE","TOTAL","NOT SPECIFIED","22.6",""
"SURVEY","1966","YEAR","","STATE","NORTH DAKOTA","38","","","","","","","00000000","","WHEAT","WHEAT - YIELD, MEASURED IN BU / ACRE","TOTAL","NOT SPECIFIED","23.4",""
"SURVEY","1965","YEAR","","STATE","NORTH DAKOTA","38","","","","","","","00000000","","WHEAT","WHEAT - YIELD, MEASURED IN BU / ACRE","TOTAL","NOT SPECIFIED","26",""
"SURVEY","1964","YEAR","","STATE","NORTH DAKOTA","38","","","","","","","00000000","","WHEAT","WHEAT - YIELD, MEASURED IN BU / ACRE","TOTAL","NOT SPECIFIED","23.8",""
"SURVEY","1963","YEAR","","STATE","NORTH DAKOTA","38","","","","","","","00000000","","WHEAT","WHEAT - YIELD, MEASURED IN BU / ACRE","TOTAL","NOT SPECIFIED","22.3",""
"SURVEY","1962","YEAR","","STATE","NORTH DAKOTA","38","","","","","","","00000000","","WHEAT","WHEAT - YIELD, MEASURED IN BU / ACRE","TOTAL","NOT SPECIFIED","28.7",""
"SURVEY","1961","YEAR","","STATE","NORTH DAKOTA","38","","","","","","","00000000","","WHEAT","WHEAT - YIELD, MEASURED IN BU / ACRE","TOTAL","NOT SPECIFIED","12.1",""
"SURVEY","1960","YEAR","","STATE","NORTH DAKOTA","38","","","","","","","00000000","","WHEAT","WHEAT - YIELD, MEASURED IN BU / ACRE","TOTAL","NOT SPECIFIED","19.8",""
"SURVEY","1959","YEAR","","STATE","NORTH DAKOTA","38","","","","","","","00000000","","WHEAT","WHEAT - YIELD, MEASURED IN BU / ACRE","TOTAL","NOT SPECIFIED","15",""
"SURVEY","1958","YEAR","","STATE","NORTH DAKOTA","38","","","","","","","00000000","","WHEAT","WHEAT - YIELD, MEASURED IN BU / ACRE","TOTAL","NOT SPECIFIED","23.1",""
"SURVEY","1957","YEAR","","STATE","NORTH DAKOTA","38","","","","","","","00000000","","WHEAT","WHEAT - YIELD, MEASURED IN BU / ACRE","TOTAL","NOT SPECIFIED","18.8",""
"SURVEY","1956","YEAR","","STATE","NORTH DAKOTA","38","","","","","","","00000000","","WHEAT","WHEAT - YIELD, MEASURED IN BU / ACRE","TOTAL","NOT SPECIFIED","17.2",""
"SURVEY","1955","YEAR","","STATE","NORTH DAKOTA","38","","","","","","","00000000","","WHEAT","WHEAT - YIELD, MEASURED IN BU / ACRE","TOTAL","NOT SPECIFIED","15.2",""
"SURVEY","1954","YEAR","","STATE","NORTH DAKOTA","38","","","","","","","00000000","","WHEAT","WHEAT - YIELD, MEASURED IN BU / ACRE","TOTAL","NOT SPECIFIED","9",""
"SURVEY","1953","YEAR","","STATE","NORTH DAKOTA","38","","","","","","","00000000","","WHEAT","WHEAT - YIELD, MEASURED IN BU / ACRE","TOTAL","NOT SPECIFIED","9.9",""
"SURVEY","1952","YEAR","","STATE","NORTH DAKOTA","38","","","","","","","00000000","","WHEAT","WHEAT - YIELD, MEASURED IN BU / ACRE","TOTAL","NOT SPECIFIED","10.2",""
"SURVEY","1951","YEAR","","STATE","NORTH DAKOTA","38","","","","","","","00000000","","WHEAT","WHEAT - YIELD, MEASURED IN BU / ACRE","TOTAL","NOT SPECIFIED","13.9",""
"SURVEY","1950","YEAR","","STATE","NORTH DAKOTA","38","","","","","","","00000000","","WHEAT","WHEAT - YIELD, MEASURED IN BU / ACRE","TOTAL","NOT SPECIFIED","13.9",""
"SURVEY","1949","YEAR","","STATE","NORTH DAKOTA","38","","","","","","","00000000","","WHEAT","WHEAT - YIELD, MEASURED IN BU / ACRE","TOTAL","NOT SPECIFIED","10.6",""
"SURVEY","1948","YEAR","","STATE","NORTH DAKOTA","38","","","","","","","00000000","","WHEAT","WHEAT - YIELD, MEASURED IN BU / ACRE","TOTAL","NOT SPECIFIED","14.4",""
"SURVEY","1947","YEAR","","STATE","NORTH DAKOTA","38","","","","","","","00000000","","WHEAT","WHEAT - YIELD, MEASURED IN BU / ACRE","TOTAL","NOT SPECIFIED","14.3",""
"SURVEY","1946","YEAR","","STATE","NORTH DAKOTA","38","","","","","","","00000000","","WHEAT","WHEAT - YIELD, MEASURED IN BU / ACRE","TOTAL","NOT SPECIFIED","13.7",""
"SURVEY","1945","YEAR","","STATE","NORTH DAKOTA","38","","","","","","","00000000","","WHEAT","WHEAT - YIELD, MEASURED IN BU / ACRE","TOTAL","NOT SPECIFIED","15.7",""
"SURVEY","1944","YEAR","","STATE","NORTH DAKOTA","38","","","","","","","00000000","","WHEAT","WHEAT - YIELD, MEASURED IN BU / ACRE","TOTAL","NOT SPECIFIED","15.9",""
"SURVEY","1943","YEAR","","STATE","NORTH DAKOTA","38","","","","","","","00000000","","WHEAT","WHEAT - YIELD, MEASURED IN BU / ACRE","TOTAL","NOT SPECIFIED","18.2",""
"SURVEY","1942","YEAR","","STATE","NORTH DAKOTA","38","","","","","","","00000000","","WHEAT","WHEAT - YIELD, MEASURED IN BU / ACRE","TOTAL","NOT SPECIFIED","19.6",""
"SURVEY","1941","YEAR","","STATE","NORTH DAKOTA","38","","","","","","","00000000","","WHEAT","WHEAT - YIELD, MEASURED IN BU / ACRE","TOTAL","NOT SPECIFIED","17.3",""
"SURVEY","1940","YEAR","","STATE","NORTH DAKOTA","38","","","","","","","00000000","","WHEAT","WHEAT - YIELD, MEASURED IN BU / ACRE","TOTAL","NOT SPECIFIED","11.6",""
"SURVEY","1939","YEAR","","STATE","NORTH DAKOTA","38","","","","","","","00000000","","WHEAT","WHEAT - YIELD, MEASURED IN BU / ACRE","TOTAL","NOT SPECIFIED","10.5",""
"SURVEY","1938","YEAR","","STATE","NORTH DAKOTA","38","","","","","","","00000000","","WHEAT","WHEAT - YIELD, MEASURED IN BU / ACRE","TOTAL","NOT SPECIFIED","9",""
"SURVEY","1937","YEAR","","STATE","NORTH DAKOTA","38","","","","","","","00000000","","WHEAT","WHEAT - YIELD, MEASURED IN BU / ACRE","TOTAL","NOT SPECIFIED","8.2",""
"SURVEY","1936","YEAR","","STATE","NORTH DAKOTA","38","","","","","","","00000000","","WHEAT","WHEAT - YIELD, MEASURED IN BU / ACRE","TOTAL","NOT SPECIFIED","5.2",""
"SURVEY","1935","YEAR","","STATE","NORTH DAKOTA","38","","","","","","","00000000","","WHEAT","WHEAT - YIELD, MEASURED IN BU / ACRE","TOTAL","NOT SPECIFIED","7",""
"SURVEY","1934","YEAR","","STATE","NORTH DAKOTA","38","","","","","","","00000000","","WHEAT","WHEAT - YIELD, MEASURED IN BU / ACRE","TOTAL","NOT SPECIFIED","6.1",""
"SURVEY","1933","YEAR","","STATE","NORTH DAKOTA","38","","","","","","","00000000","","WHEAT","WHEAT - YIELD, MEASURED IN BU / ACRE","TOTAL","NOT SPECIFIED","7.1",""
"SURVEY","1932","YEAR","","STATE","NORTH DAKOTA","38","","","","","","","00000000","","WHEAT","WHEAT - YIELD, MEASURED IN BU / ACRE","TOTAL","NOT SPECIFIED","10.4",""
"SURVEY","1931","YEAR","","STATE","NORTH DAKOTA","38","","","","","","","00000000","","WHEAT","WHEAT - YIELD, MEASURED IN BU / ACRE","TOTAL","NOT SPECIFIED","6.5",""
"SURVEY","1930","YEAR","","STATE","NORTH DAKOTA","38","","","","","","","00000000","","WHEAT","WHEAT - YIELD, MEASURED IN BU / ACRE","TOTAL","NOT SPECIFIED","10.8",""
"SURVEY","1929","YEAR","","STATE","NORTH DAKOTA","38","","","","","","","00000000","","WHEAT","WHEAT - YIELD, MEASURED IN BU / ACRE","TOTAL","NOT SPECIFIED","9.6",""
"SURVEY","1928","YEAR","","STATE","NORTH DAKOTA","38","","","","","","","00000000","","WHEAT","WHEAT - YIELD, MEASURED IN BU / ACRE","TOTAL","NOT SPECIFIED","14.4",""
"SURVEY","1927","YEAR","","STATE","NORTH DAKOTA","38","","","","","","","00000000","","WHEAT","WHEAT - YIELD, MEASURED IN BU / ACRE","TOTAL","NOT SPECIFIED","12.9",""
"SURVEY","1926","YEAR","","STATE","NORTH DAKOTA","38","","","","","","","00000000","","WHEAT","WHEAT - YIELD, MEASURED IN BU / ACRE","TOTAL","NOT SPECIFIED","8.6",""
"SURVEY","1925","YEAR","","STATE","NORTH DAKOTA","38","","","","","","","00000000","","WHEAT","WHEAT - YIELD, MEASURED IN BU / ACRE","TOTAL","NOT SPECIFIED","12.3",""
"SURVEY","1924","YEAR","","STATE","NORTH DAKOTA","38","","","","","","","00000000","","WHEAT","WHEAT - YIELD, MEASURED IN BU / ACRE","TOTAL","NOT SPECIFIED","15.3",""
"SURVEY","1923","YEAR","","STATE","NORTH DAKOTA","38","","","","","","","00000000","","WHEAT","WHEAT - YIELD, MEASURED IN BU / ACRE","TOTAL","NOT SPECIFIED","8.2",""
"SURVEY","1922","YEAR","","STATE","NORTH DAKOTA","38","","","","","","","00000000","","WHEAT","WHEAT - YIELD, MEASURED IN BU / ACRE","TOTAL","NOT SPECIFIED","13.8",""
"SURVEY","1921","YEAR","","STATE","NORTH DAKOTA","38","","","","","","","00000000","","WHEAT","WHEAT - YIELD, MEASURED IN BU / ACRE","TOTAL","NOT SPECIFIED","8.2",""
"SURVEY","1920","YEAR","","STATE","NORTH DAKOTA","38","","","","","","","00000000","","WHEAT","WHEAT - YIELD, MEASURED IN BU / ACRE","TOTAL","NOT SPECIFIED","8.8",""
"SURVEY","1919","YEAR","","STATE","NORTH DAKOTA","38","","","","","","","00000000","","WHEAT","WHEAT - YIELD, MEASURED IN BU / ACRE","TOTAL","NOT SPECIFIED","6.7",""
"SURVEY","1918","YEAR","","STATE","NORTH DAKOTA","38","","","","","","","00000000","","WHEAT","WHEAT - YIELD, MEASURED IN BU / ACRE","TOTAL","NOT SPECIFIED","11.5",""
"SURVEY","1917","YEAR","","STATE","NORTH DAKOTA","38","","","","","","","00000000","","WHEAT","WHEAT - YIELD, MEASURED IN BU / ACRE","TOTAL","NOT SPECIFIED","7.5",""
"SURVEY","1916","YEAR","","STATE","NORTH DAKOTA","38","","","","","","","00000000","","WHEAT","WHEAT - YIELD, MEASURED IN BU / ACRE","TOTAL","NOT SPECIFIED","6",""
"SURVEY","1915","YEAR","","STATE","NORTH DAKOTA","38","","","","","","","00000000","","WHEAT","WHEAT - YIELD, MEASURED IN BU / ACRE","TOTAL","NOT SPECIFIED","17",""
"SURVEY","1914","YEAR","","STATE","NORTH DAKOTA","38","","","","","","","00000000","","WHEAT","WHEAT - YIELD, MEASURED IN BU / ACRE","TOTAL","NOT SPECIFIED","11",""
"SURVEY","1913","YEAR","","STATE","NORTH DAKOTA","38","","","","","","","00000000","","WHEAT","WHEAT - YIELD, MEASURED IN BU / ACRE","TOTAL","NOT SPECIFIED","10.5",""
"SURVEY","1912","YEAR","","STATE","NORTH DAKOTA","38","","","","","","","00000000","","WHEAT","WHEAT - YIELD, MEASURED IN BU / ACRE","TOTAL","NOT SPECIFIED","16",""
"SURVEY","1911","YEAR","","STATE","NORTH DAKOTA","38","","","","","","","00000000","","WHEAT","WHEAT - YIELD, MEASURED IN BU / ACRE","TOTAL","NOT SPECIFIED","8.5",""
"SURVEY","1910","YEAR","","STATE","NORTH DAKOTA","38","","","","","","","00000000","","WHEAT","WHEAT - YIELD, MEASURED IN BU / ACRE","TOTAL","NOT SPECIFIED","6.5",""
"SURVEY","1909","YEAR","","STATE","NORTH DAKOTA","38","","","","","","","00000000","","WHEAT","WHEAT - YIELD, MEASURED IN BU / ACRE","TOTAL","NOT SPECIFIED","14.3",""
"SURVEY","1908","YEAR","","STATE","NORTH DAKOTA","38","","","","","","","00000000","","WHEAT","WHEAT - YIELD, MEASURED IN BU / ACRE","TOTAL","NOT SPECIFIED","13",""
"SURVEY","1907","YEAR","","STATE","NORTH DAKOTA","38","","","","","","","00000000","","WHEAT","WHEAT - YIELD, MEASURED IN BU / ACRE","TOTAL","NOT SPECIFIED","11",""
"SURVEY","1906","YEAR","","STATE","NORTH DAKOTA","38","","","","","","","00000000","","WHEAT","WHEAT - YIELD, MEASURED IN BU / ACRE","TOTAL","NOT SPECIFIED","15",""
"SURVEY","1905","YEAR","","STATE","NORTH DAKOTA","38","","","","","","","00000000","","WHEAT","WHEAT - YIELD, MEASURED IN BU / ACRE","TOTAL","NOT SPECIFIED","16",""
"SURVEY","1904","YEAR","","STATE","NORTH DAKOTA","38","","","","","","","00000000","","WHEAT","WHEAT - YIELD, MEASURED IN BU / ACRE","TOTAL","NOT SPECIFIED","13",""
"SURVEY","1903","YEAR","","STATE","NORTH DAKOTA","38","","","","","","","00000000","","WHEAT","WHEAT - YIELD, MEASURED IN BU / ACRE","TOTAL","NOT SPECIFIED","14",""
"SURVEY","1902","YEAR","","STATE","NORTH DAKOTA","38","","","","","","","00000000","","WHEAT","WHEAT - YIELD, MEASURED IN BU / ACRE","TOTAL","NOT SPECIFIED","15.5",""
"SURVEY","1901","YEAR","","STATE","NORTH DAKOTA","38","","","","","","","00000000","","WHEAT","WHEAT - YIELD, MEASURED IN BU / ACRE","TOTAL","NOT SPECIFIED","12.5",""
"SURVEY","1900","YEAR","","STATE","NORTH DAKOTA","38","","","","","","","00000000","","WHEAT","WHEAT - YIELD, MEASURED IN BU / ACRE","TOTAL","NOT SPECIFIED","4.5",""
"SURVEY","1899","YEAR","","STATE","NORTH DAKOTA","38","","","","","","","00000000","","WHEAT","WHEAT - YIELD, MEASURED IN BU / ACRE","TOTAL","NOT SPECIFIED","13.5",""
"SURVEY","1898","YEAR","","STATE","NORTH DAKOTA","38","","","","","","","00000000","","WHEAT","WHEAT - YIELD, MEASURED IN BU / ACRE","TOTAL","NOT SPECIFIED","15",""
"SURVEY","1897","YEAR","","STATE","NORTH DAKOTA","38","","","","","","","00000000","","WHEAT","WHEAT - YIELD, MEASURED IN BU / ACRE","TOTAL","NOT SPECIFIED","10.5",""
"SURVEY","1896","YEAR","","STATE","NORTH DAKOTA","38","","","","","","","00000000","","WHEAT","WHEAT - YIELD, MEASURED IN BU / ACRE","TOTAL","NOT SPECIFIED","12.5",""
"SURVEY","1895","YEAR","","STATE","NORTH DAKOTA","38","","","","","","","00000000","","WHEAT","WHEAT - YIELD, MEASURED IN BU / ACRE","TOTAL","NOT SPECIFIED","21",""
"SURVEY","1894","YEAR","","STATE","NORTH DAKOTA","38","","","","","","","00000000","","WHEAT","WHEAT - YIELD, MEASURED IN BU / ACRE","TOTAL","NOT SPECIFIED","12.5",""
"SURVEY","1893","YEAR","","STATE","NORTH DAKOTA","38","","","","","","","00000000","","WHEAT","WHEAT - YIELD, MEASURED IN BU / ACRE","TOTAL","NOT SPECIFIED","10.5",""
"SURVEY","1892","YEAR","","STATE","NORTH DAKOTA","38","","","","","","","00000000","","WHEAT","WHEAT - YIELD, MEASURED IN BU / ACRE","TOTAL","NOT SPECIFIED","12.5",""
"SURVEY","1891","YEAR","","STATE","NORTH DAKOTA","38","","","","","","","00000000","","WHEAT","WHEAT - YIELD, MEASURED IN BU / ACRE","TOTAL","NOT SPECIFIED","20.5",""
"SURVEY","1890","YEAR","","STATE","NORTH DAKOTA","38","","","","","","","00000000","","WHEAT","WHEAT - YIELD, MEASURED IN BU / ACRE","TOTAL","NOT SPECIFIED","10",""
"SURVEY","1889","YEAR","","STATE","NORTH DAKOTA","38","","","","","","","00000000","","WHEAT","WHEAT - YIELD, MEASURED IN BU / ACRE","TOTAL","NOT SPECIFIED","9.7",""
"SURVEY","1888","YEAR","","STATE","NORTH DAKOTA","38","","","","","","","00000000","","WHEAT","WHEAT - YIELD, MEASURED IN BU / ACRE","TOTAL","NOT SPECIFIED","12.5",""
"SURVEY","1887","YEAR","","STATE","NORTH DAKOTA","38","","","","","","","00000000","","WHEAT","WHEAT - YIELD, MEASURED IN BU / ACRE","TOTAL","NOT SPECIFIED","18",""
"SURVEY","1886","YEAR","","STATE","NORTH DAKOTA","38","","","","","","","00000000","","WHEAT","WHEAT - YIELD, MEASURED IN BU / ACRE","TOTAL","NOT SPECIFIED","14.5",""
"SURVEY","1885","YEAR","","STATE","NORTH DAKOTA","38","","","","","","","00000000","","WHEAT","WHEAT - YIELD, MEASURED IN BU / ACRE","TOTAL","NOT SPECIFIED","19",""
"SURVEY","1884","YEAR","","STATE","NORTH DAKOTA","38","","","","","","","00000000","","WHEAT","WHEAT - YIELD, MEASURED IN BU / ACRE","TOTAL","NOT SPECIFIED","19",""
"SURVEY","1883","YEAR","","STATE","NORTH DAKOTA","38","","","","","","","00000000","","WHEAT","WHEAT - YIELD, MEASURED IN BU / ACRE","TOTAL","NOT SPECIFIED","20",""
"SURVEY","1882","YEAR","","STATE","NORTH DAKOTA","38","","","","","","","00000000","","WHEAT","WHEAT - YIELD, MEASURED IN BU / ACRE","TOTAL","NOT SPECIFIED","20.5",""
"SURVEY","1881","YEAR","","STATE","NORTH DAKOTA","38","","","","","","","00000000","","WHEAT","WHEAT - YIELD, MEASURED IN BU / ACRE","TOTAL","NOT SPECIFIED","18",""
"SURVEY","1880","YEAR","","STATE","NORTH DAKOTA","38","","","","","","","00000000","","WHEAT","WHEAT - YIELD, MEASURED IN BU / ACRE","TOTAL","NOT SPECIFIED","19.5",""
"SURVEY","1879","YEAR","","STATE","NORTH DAKOTA","38","","","","","","","00000000","","WHEAT","WHEAT - YIELD, MEASURED IN BU / ACRE","TOTAL","NOT SPECIFIED","20.5",""
